Fund Name,P1,P2,P3,P4,P5,TOPSIS Score,Rank
M1,0.78,0.61,6.4,32.2,10.0,0.4453937003022935,5.0
M2,0.94,0.88,5.3,42.9,12.51,0.6326293114405521,2.0
M3,0.95,0.9,3.5,46.6,12.99,0.563154894437776,3.0
M4,0.61,0.37,4.6,49.1,13.67,0.35399209402886916,7.0
M5,0.77,0.59,4.8,47.7,13.47,0.47771593686796027,4.0
M6,0.84,0.71,4.3,61.3,16.79,0.6474202055747272,1.0
M7,0.7,0.49,6.8,36.5,11.12,0.4404719660649984,6.0
M8,0.64,0.41,3.1,32.8,9.24,0.04914611160245744,8.0
